School Year,School Level,School ID,School Name,State School ID,Zip Code,Grade PreK 3yrs,Grade PreK 4yrs,Grade K,Grade 1,Grade 2,Grade 3,Grade 4,Grade 5,Grade 6,Grade 7,Grade 8,Grade 9,Grade 10,Grade 11,Grade 12,American Indian or Alaska Native,Asian,Black or African American,Hispanic/Latino,Native Hawaiian or Other Pacific Islander,White,Male,Female,Economically Disadvantaged,Disability,Limited English Proficiency,Latitude,Longitude,Mapped Location
17-18,Charter,667,Rocketship Nashville Northeast Elementary,8050,37207,,,66,89,78,73,88,,,,,,,,,1,,265,102,,26,210,184,287,53,67,36.2136492726,-86.7654223968,"(36.2136492726, -86.7654223968)"
17-18,Elementary School,105,Amqui Elementary,10,37115,3,28,91,90,92,102,97,,,,,,,,,,3,222,192,1,85,267,236,310,59,139,36.2737658523,-86.7038315283,"(36.2737658523, -86.7038315283)"
17-18,Elementary School,265,Dupont Elementary,180,37138,,37,76,63,75,58,81,,,,,,,,,1,7,99,35,,248,186,204,196,49,18,36.2613820968,-86.652625791,"(36.2613820968, -86.652625791)"
17-18,Elementary School,790,John B. Whitsitt Elementary,390,37210,,39,79,79,73,76,90,,,,,,,,,4,14,61,301,,56,205,231,246,47,222,36.1150448454,-86.7356845538,"(36.1150448454, -86.7356845538)"
17-18,Charter,712,Strive Collegiate Academy,8090,37214,,,,,,,,84,75,87,,,,,,1,8,97,51,,89,132,114,78,32,46,36.1788359554,-86.6432213808,"(36.1788359554, -86.6432213808)"
17-18,Elementary School,552,Henry C Maxwell Elementary,318,37013,5,47,103,129,114,123,128,,,,,,,,,2,43,137,286,,180,356,293,271,70,272,36.0308340173,-86.673952123,"(36.0308340173, -86.673952123)"
17-18,Middle School,730,Two Rivers Middle,650,37214,,,,,,,,109,97,106,110,,,,,2,12,192,90,,126,202,220,228,55,88,36.194467241,-86.6739737732,"(36.194467241, -86.6739737732)"
17-18,Elementary School,650,Percy Priest Elementary,570,37215,,1,112,99,109,95,117,,,,,,,,,2,25,20,21,2,463,258,275,9,26,8,36.0615871471,-86.8336952185,"(36.0615871471, -86.8336952185)"
17-18,Middle School,675,Rose Park Middle,595,37203,,,,,,,,120,119,101,91,,,,,,9,239,36,3,144,235,196,85,23,46,36.1424058913,-86.7813145165,"(36.1424058913, -86.7813145165)"
17-18,Elementary School,590,Napier Elementary,510,37210,14,64,51,49,58,43,55,,,,,,,,,1,,302,24,,7,178,156,306,52,16,36.1500211684,-86.7563991118,"(36.1500211684, -86.7563991118)"
17-18,High School,325,Glencliff High School,245,37211,,,,,,,,,,,,276,345,288,324,,78,273,629,,253,651,582,605,142,469,36.1014006831,-86.7274692859,"(36.1014006831, -86.7274692859)"
17-18,Non-Traditional,748,Metro Nashville Virtual School,3,37209,,,,,,,,,8,26,137,24,61,151,141,2,42,181,61,,262,233,315,143,32,30,36.1501214104,-86.8453830588,"(36.1501214104, -86.8453830588)"
17-18,Charter,517,Liberty Collegiate Academy,8005,37216,,,,,,,,125,106,102,112,,,,,,3,169,226,,47,211,234,217,51,162,36.2120626994,-86.7329249332,"(36.2120626994, -86.7329249332)"
17-18,Elementary School,240,Cumberland Elementary,150,37218,3,2,61,53,71,76,92,,,,,,,,,1,1,287,33,,36,182,176,266,49,15,36.2120690993,-86.866568623,"(36.2120690993, -86.866568623)"
17-18,High School,182,Cane Ridge High School,77,37013,,,,,,,,,,,,487,434,437,450,1,149,733,591,3,331,961,847,693,188,440,36.0302884296,-86.621230214,"(36.0302884296, -86.621230214)"
17-18,Elementary School,576,Mt. View Elementary,493,37013,9,52,120,130,156,105,135,,,,,,,,,1,31,263,190,2,220,351,356,265,87,246,36.0418590581,-86.6045976768,"(36.0418590581, -86.6045976768)"
17-18,Elementary School,500,Robert E. Lillard Elementary,420,37218,2,,58,51,58,71,77,,,,,,,,,,,298,4,,15,157,160,222,47,3,36.2205723388,-86.8269077667,"(36.2205723388, -86.8269077667)"
17-18,Elementary School,686,Smith Springs Elementary School,750,37013,16,66,102,109,102,119,117,,,,,,,,,,7,259,165,2,198,318,313,240,100,132,36.0823638291,-86.5954847785,"(36.0823638291, -86.5954847785)"
17-18,Elementary School,225,Cole Elementary,130,37013,1,83,150,144,127,135,161,,,,,,,,,,83,95,486,,137,405,396,475,85,420,36.0583352576,-86.6986202084,"(36.0583352576, -86.6986202084)"
17-18,Charter,511,Knowledge Academies High School,8065,37013,,,,,,,,,,,,107,96,89,,2,5,125,110,,50,162,130,91,40,53,36.0452120214,-86.6518729615,"(36.0452120214, -86.6518729615)"
17-18,Elementary School,681,Ross Early Learning Center,7015,37206,17,207,,,,,,,,,,,,,,1,5,100,10,1,107,127,97,71,41,,36.1798601253,-86.7545481099,"(36.1798601253, -86.7545481099)"
17-18,Elementary School,725,Tusculum Elementary,645,37211,5,66,147,141,147,120,151,,,,,,,,,1,105,129,427,1,114,411,366,482,64,497,36.0622421154,-86.7189946606,"(36.0622421154, -86.7189946606)"
17-18,Elementary School,620,Park Avenue Elementary,545,37209,2,40,61,75,71,85,80,,,,,,,,,1,,382,21,,10,215,199,316,62,13,36.1510157044,-86.8296779019,"(36.1510157044, -86.8296779019)"
17-18,Charter,507,LEAD Prep Southeast,8013,37211,,,,,,,,119,122,149,134,87,,,,1,29,137,257,,187,305,306,268,50,308,36.0923357845,-86.7036708627,"(36.0923357845, -86.7036708627)"
17-18,Elementary School,455,Inglewood Elementary,360,37216,1,33,40,45,35,35,35,,,,,,,,,,2,177,20,,25,117,107,150,24,14,36.1978312773,-86.7238406355,"(36.1978312773, -86.7238406355)"
17-18,Elementary School,350,Goodlettsville Elementary,270,37072,3,28,60,65,58,68,66,,,,,,,,,2,11,137,69,5,124,169,179,146,45,42,36.3129393439,-86.7104870774,"(36.3129393439, -86.7104870774)"
17-18,Elementary School,310,J.E. Moss Elementary,370,37013,6,69,186,139,147,139,157,,,,,,,,,3,58,153,531,,98,425,418,444,90,432,36.0673533812,-86.6697465788,"(36.0673533812, -86.6697465788)"
17-18,Middle School,783,Creswell Middle Prep School of the Arts,700,37218,,,,,,,,103,93,105,94,,,,,3,1,344,8,,39,143,252,183,50,5,36.1960632171,-86.8375393872,"(36.1960632171, -86.8375393872)"
17-18,Elementary School,710,Stratton Elementary,625,37115,,21,86,98,94,113,106,,,,,,,,,,4,194,235,,85,251,267,310,52,194,36.2656026682,-86.7176823287,"(36.2656026682, -86.7176823287)"
17-18,High School,450,Hume-Fogg High,355,37203,,,,,,,,,,,,222,220,224,217,6,87,221,60,1,508,366,517,70,27,5,36.1595246071,-86.781536017,"(36.1595246071, -86.781536017)"
17-18,Elementary School,419,Cambridge Early Learning Center,7005,37013,,158,,,,,,,,,,,,,,,3,70,36,,49,74,84,70,9,,36.0603500916,-86.641017433,"(36.0603500916, -86.641017433)"
17-18,Elementary School,370,Granbery Elementary,290,37027,2,2,148,136,161,137,148,,,,,,,,,5,84,101,115,2,427,379,355,139,80,123,36.0467903017,-86.753046003,"(36.0467903017, -86.753046003)"
17-18,Elementary School,252,Dodson Elementary,165,37076,4,34,84,86,72,87,84,,,,,,,,,1,12,240,78,,120,219,232,261,74,66,36.1909084815,-86.6033179312,"(36.1909084815, -86.6033179312)"
17-18,Middle School,535,Moses McKissack Middle,35,37209,,,,,,,,83,80,83,86,,,,,,,290,24,1,17,164,168,275,73,22,36.1598989391,-86.8319415791,"(36.1598989391, -86.8319415791)"
17-18,High School,632,Pearl-Cohn High,555,37208,,,,,,,,,,,,170,174,152,150,1,,611,19,,15,340,306,461,149,18,36.1645403992,-86.815136164,"(36.1645403992, -86.815136164)"
17-18,Elementary School,715,Sylvan Park Elementary,630,37209,2,,101,95,73,87,95,,,,,,,,,,12,159,21,3,258,242,211,85,84,9,36.1442237082,-86.8445950436,"(36.1442237082, -86.8445950436)"
17-18,Elementary School,415,Hermitage Elementary,320,37076,3,32,57,60,52,55,66,,,,,,,,,1,6,93,65,1,159,160,165,116,69,34,36.1979902099,-86.6353701384,"(36.1979902099, -86.6353701384)"
17-18,Elementary School,200,Chadwell Elementary,105,37115,3,18,55,56,67,74,58,,,,,,,,,,6,196,81,,48,170,161,202,43,47,36.25637022,-86.7416710943,"(36.25637022, -86.7416710943)"
17-18,Elementary School,682,May Werthan Shayne Elementary School,608,37211,11,19,122,165,125,173,140,,,,,,,,,1,78,217,57,6,396,393,362,250,102,178,36.0210311721,-86.7146311916,"(36.0210311721, -86.7146311916)"
17-18,Elementary School,496,A. Z. Kelley Elementary,1,37013,2,41,151,163,173,142,153,,,,,,,,,,88,292,228,3,214,405,420,285,95,284,36.0218171181,-86.6588477794,"(36.0218171181, -86.6588477794)"
17-18,Elementary School,575,Thomas A. Edison Elementary,208,37013,6,30,146,143,127,142,153,,,,,,,,,,21,284,187,2,253,409,338,329,63,272,36.0628845281,-86.6046383659,"(36.0628845281, -86.6046383659)"
17-18,Charter,305,Explore Community School,8060,37206,,,77,74,71,,,,,,,,,,,1,1,102,10,1,107,104,118,90,33,5,36.1743641454,-86.7516488877,"(36.1743641454, -86.7516488877)"
17-18,Alternative Learning Center,117,Transitions at Bass,725,37209,,,,,,,,,,,,2,5,12,1,,,19,,,1,17,3,14,6,,36.1549780692,-86.8520459267,"(36.1549780692, -86.8520459267)"
17-18,Middle School,577,Apollo Middle,25,37013,,,,,,,,226,225,181,206,,,,,1,35,263,381,,158,443,395,429,112,369,36.0668779764,-86.6640697109,"(36.0668779764, -86.6640697109)"
17-18,High School,242,Nashville School Of The Arts,512,37210,,,,,,,,,,,,140,150,128,133,1,17,206,44,1,282,164,387,89,45,3,36.1329133192,-86.7405001865,"(36.1329133192, -86.7405001865)"
17-18,Middle School,612,William Henry Oliver Middle,538,37211,,,,,,,,247,239,227,206,,,,,,83,274,152,4,406,474,445,275,90,211,36.0201739757,-86.7122071016,"(36.0201739757, -86.7122071016)"
17-18,Non-Traditional - Hybrid,480,Johnson Alternative Learning Center,740,37210,,,,,,,,6,19,26,27,19,38,18,7,,,115,32,,13,120,40,123,45,21,36.1453908839,-86.7640144621,"(36.1453908839, -86.7640144621)"
17-18,Middle School,111,Antioch Middle,23,37013,,,,,,,,233,197,168,168,,,,,,65,243,332,1,125,388,378,393,100,354,36.0553789673,-86.6718298856,"(36.0553789673, -86.6718298856)"
17-18,Charter,501,KIPP Nashville College Prep Elementary,8085,37207,,,58,67,,,,,,,,,,,,2,,112,9,,2,71,54,81,15,5,36.2382525836,-86.8036646566,"(36.2382525836, -86.8036646566)"
17-18,Charter,506,Knowledge Academy,8012,37013,,,,,,,,74,77,72,69,,,,,,2,104,138,,48,138,154,113,41,127,36.0454015353,-86.6519937155,"(36.0454015353, -86.6519937155)"
17-18,Charter,594,Nashville Prep,8008,37209,,,,,,,,115,98,93,80,,,,,1,7,230,115,,33,202,184,215,58,94,36.1623058663,-86.8553317868,"(36.1623058663, -86.8553317868)"
17-18,Charter,744,Valor Voyager Academy,8080,37211,,,,,,,,120,126,122,109,,,,,,29,83,108,1,256,243,234,173,66,133,36.0706506329,-86.7250511979,"(36.0706506329, -86.7250511979)"
17-18,Elementary School,280,Eakin Elementary,195,37212,2,2,106,124,116,111,114,,,,,,,,,,63,239,26,1,246,277,298,117,92,45,36.1351431922,-86.8076066846,"(36.1351431922, -86.8076066846)"
17-18,Charter,601,Neelys Bend College Prep,6000,37115,,,,,,,,118,115,132,73,,,,,,5,180,188,,65,226,212,217,10,134,36.2419079199,-86.674230711,"(36.2419079199, -86.674230711)"
17-18,Non-Traditional,211,The Academy at Old Cockrill,614,37209,,,,,,,,,,,,,,,89,,2,53,11,,23,52,37,49,13,4,36.1547218751,-86.8455535663,"(36.1547218751, -86.8455535663)"
17-18,Non-Traditional,422,The Academy at Hickory Hollow,720,37013,,,,,,,,,,,,,,,105,,1,33,52,1,18,42,63,42,5,21,36.0503997998,-86.6548197259,"(36.0503997998, -86.6548197259)"
17-18,Adult,114,W. A. Bass Adult Program,125,37209,,,,,,,,,,,,48,33,71,113,1,19,137,67,,41,131,134,132,44,117,36.1540731279,-86.8518765886,"(36.1540731279, -86.8518765886)"
17-18,Elementary School,451,Hull-Jackson Elementary,350,37208,72,76,71,53,65,55,55,,,,,,,,,5,13,391,10,,28,210,237,226,28,9,36.1903186918,-86.8071782328,"(36.1903186918, -86.8071782328)"
17-18,Charter,605,New Vision Academy,8004,37217,,,,,,,,60,58,48,34,,,,,1,5,98,87,,9,88,112,117,10,101,36.1259158996,-86.7256586233,"(36.1259158996, -86.7256586233)"
17-18,Elementary School,186,Casa Azafran Early Learning Center,7020,37211,11,77,,,,,,,,,,,,,,1,5,16,32,,34,44,44,15,12,,36.1265171601,-86.7533987496,"(36.1265171601, -86.7533987496)"
17-18,Non-Traditional - Hybrid,718,The Cohn Learning Center,745,37209,,,,,,,,,,,,11,33,62,1,,1,84,15,,7,62,45,74,30,6,36.1507089234,-86.8451990752,"(36.1507089234, -86.8451990752)"
17-18,Middle School,540,McMurray Middle,480,37211,,,,,,,,212,215,196,182,,,,,1,112,140,461,,91,418,387,492,71,557,36.0563796098,-86.7236924979,"(36.0563796098, -86.7236924979)"
17-18,Middle School,563,John Trotwood Moore Middle,490,37204,,,,,,,,201,194,142,152,,,,,,29,194,43,,423,348,341,162,95,35,36.0957722119,-86.801995019,"(36.0957722119, -86.801995019)"
17-18,Charter,502,KIPP Academy Nashville,8002,37207,,,,,,,,101,96,91,74,,,,,,3,205,142,,12,180,182,212,39,102,36.1945359149,-86.7694392501,"(36.1945359149, -86.7694392501)"
17-18,High School,787,Whites Creek High School,704,37189,,,,,,,,,,,,159,181,174,158,,4,554,36,1,77,343,329,364,140,27,36.2766453173,-86.8188329872,"(36.2766453173, -86.8188329872)"
17-18,Charter,503,KIPP Nashville College Prep,8042,37207,,,,,,,,95,88,91,70,,,,,2,4,284,45,,9,183,161,182,58,37,36.2375074649,-86.8037065355,"(36.2375074649, -86.8037065355)"
17-18,Charter,118,Brick Church College Prep,118,37207,,,,,,,,80,63,79,77,,,,,2,,245,31,,21,160,139,211,2,40,36.2207385771,-86.7817524484,"(36.2207385771, -86.7817524484)"
17-18,Elementary School,685,Shwab Elementary,610,37207,9,42,47,50,52,54,50,,,,,,,,,,,102,166,,36,178,126,186,46,118,36.1999066318,-86.7707922912,"(36.1999066318, -86.7707922912)"
17-18,High School,615,John Overton High,395,37220,,,,,,,,,,,,513,531,507,435,4,234,415,685,3,645,1094,892,852,180,650,36.0797992685,-86.7689945134,"(36.0797992685, -86.7689945134)"
17-18,Elementary School,235,Crieve Hall Elementary,145,37220,10,6,92,94,103,77,83,,,,,,,,,2,60,42,116,1,244,237,228,99,51,121,36.0657457496,-86.7581030533,"(36.0657457496, -86.7581030533)"
17-18,Charter,660,RePublic High School,8100,37207,,,,,,,,,,,,186,154,137,,,3,290,145,1,38,223,254,202,68,47,36.2420998862,-86.7793092615,"(36.2420998862, -86.7793092615)"
17-18,Charter,589,Nashville Academy of Computer Science,8055,37207,,,,,,,,111,97,77,91,,,,,1,,266,60,,49,249,127,228,65,35,36.2349642714,-86.78246535,"(36.2349642714, -86.78246535)"
17-18,Elementary School,755,Warner Elementary,675,37206,4,35,48,43,37,47,87,,,,,,,,,,3,271,8,2,17,154,147,274,32,30,36.1720753383,-86.7600969964,"(36.1720753383, -86.7600969964)"
17-18,High School,290,East Nashville School,203,37206,,,,,,,,,,,,204,195,159,163,,6,656,18,,41,323,398,277,56,5,36.1806264426,-86.7504713705,"(36.1806264426, -86.7504713705)"
17-18,Non-Traditional,613,The Academy at Opry Mills,612,37214,,,,,,,,,,,,,,3,59,,,20,15,,27,33,29,23,9,5,36.2027005721,-86.6920792353,"(36.2027005721, -86.6920792353)"
17-18,Charter,286,East End Preparatory School,8009,37216,,,104,109,108,112,109,107,90,,,,,,,1,5,557,107,,69,352,387,385,66,49,36.2069950352,-86.7182717708,"(36.2069950352, -86.7182717708)"
17-18,Charter,668,Rocketship United,8070,37217,,,111,111,121,91,98,,,,,,,,,1,1,249,214,,67,269,263,309,47,257,36.1304768556,-86.7248661795,"(36.1304768556, -86.7248661795)"
17-18,Elementary School,185,Carter-Lawrence Elementary,670,37203,,18,38,58,57,59,62,,,,,,,,,,2,230,27,1,32,148,144,160,36,40,36.1436534419,-86.7858534926,"(36.1436534419, -86.7858534926)"
17-18,Elementary School,520,Lockeland Elementary,435,37206,,,60,59,60,60,63,,,,,,,,,1,3,22,7,1,268,160,142,11,29,3,36.1762250805,-86.7395204948,"(36.1762250805, -86.7395204948)"
17-18,Elementary School,335,Glengarry Elementary,255,37217,1,20,58,80,80,80,87,,,,,,,,,,3,61,267,1,74,212,194,255,46,250,36.1103898927,-86.7064250194,"(36.1103898927, -86.7064250194)"
17-18,Elementary School,184,Cane Ridge Elementary,82,37013,5,2,214,188,208,199,203,,,,,,,,,7,32,499,254,3,224,522,497,456,80,372,36.0397196657,-86.6181506279,"(36.0397196657, -86.6181506279)"
17-18,Elementary School,784,Robert Churchwell Elementary,618,37208,,18,56,53,63,54,71,,,,,,,,,1,,307,4,,3,167,148,266,38,15,36.1753538423,-86.8094236992,"(36.1753538423, -86.8094236992)"
17-18,Elementary School,485,Jones Elementary,387,37208,,,47,57,58,64,71,,,,,,,,,,,292,3,,2,150,147,141,33,,36.181153731,-86.8013978855,"(36.181153731, -86.8013978855)"
17-18,High School,110,Antioch High School,20,37013,,,,,,,,,,,,491,525,561,480,1,74,730,755,7,490,1134,923,771,234,540,36.0466746426,-86.5994183274,"(36.0466746426, -86.5994183274)"
17-18,Middle School,238,Croft Middle,148,37211,,,,,,,,185,171,164,152,,,,,,18,116,298,,240,355,317,262,74,257,36.0874749426,-86.7341476906,"(36.0874749426, -86.7341476906)"
17-18,Middle School,296,East Nashville Middle,296,37206,,,,,,,,106,109,90,109,,,,,1,1,374,7,,31,192,222,203,53,7,36.1888616451,-86.7332427155,"(36.1888616451, -86.7332427155)"
17-18,High School,562,Middle College High,437,37209,,,,,,,,,,,,,23,35,35,,,39,4,,50,36,57,24,6,5,36.1346991446,-86.8571169258,"(36.1346991446, -86.8571169258)"
17-18,Middle School,100,Margaret Allen Middle,450,37210,,,,,,,,129,119,102,96,,,,,1,12,203,136,,94,219,227,229,74,175,36.1460623437,-86.721646171,"(36.1460623437, -86.721646171)"
17-18,Middle School,355,Goodlettsville Middle,275,37072,,,,,,,,147,154,138,129,,,,,2,16,258,141,2,149,285,283,268,79,92,36.3181505215,-86.7124640873,"(36.3181505215, -86.7124640873)"
17-18,Elementary School,330,Glendale Elementary,250,37204,12,16,83,83,80,80,77,,,,,,,,,1,13,23,32,,362,235,196,19,48,6,36.0959359228,-86.7839065582,"(36.0959359228, -86.7839065582)"
17-18,Elementary School,230,Hattie Cotton Elementary,140,37206,,20,47,46,44,67,57,,,,,,,,,1,5,176,46,,53,141,140,182,53,45,36.1910704106,-86.7477215122,"(36.1910704106, -86.7477215122)"
17-18,Elementary School,460,Andrew Jackson Elementary,15,37138,2,31,88,97,110,94,102,,,,,,,,,2,16,158,62,2,284,261,263,119,65,23,36.2315846536,-86.6237746868,"(36.2315846536, -86.6237746868)"
17-18,Elementary School,152,Ivanetta H. Davis Learning Center at Bordeaux,7010,37218,42,134,,,,,,,,,,,,,,2,4,140,7,,23,86,90,97,50,,36.1915875124,-86.832635707,"(36.1915875124, -86.832635707)"
17-18,Middle School,130,Bellevue Middle,40,37221,,,,,,,,168,176,148,141,,,,,1,35,203,65,1,328,326,307,192,91,62,36.0707487921,-86.9348203609,"(36.0707487921, -86.9348203609)"
17-18,Elementary School,308,Fall-Hamilton Elementary,220,37203,6,55,68,58,45,43,43,,,,,,,,,,3,206,60,,49,174,144,172,62,41,36.1334718393,-86.7662062825,"(36.1334718393, -86.7662062825)"
17-18,Middle School,498,John F. Kennedy Middle,393,37013,,,,,,,,199,200,207,192,,,,,,22,362,261,,153,397,401,314,80,271,36.0554667904,-86.6006047025,"(36.0554667904, -86.6006047025)"
17-18,Charter,457,Intrepid College Prep Charter,8048,37013,,,,,,,,119,120,90,85,80,,,,,7,101,302,,84,248,246,211,43,264,36.0501591002,-86.6457200764,"(36.0501591002, -86.6457200764)"
17-18,Middle School,770,West End Middle,690,37205,,,,,,,,143,115,114,122,,,,,1,23,217,26,1,226,262,232,131,107,22,36.131974712,-86.8243226532,"(36.131974712, -86.8243226532)"
17-18,Elementary School,175,Caldwell Elementary,80,37207,1,19,39,41,36,57,52,,,,,,,,,1,1,231,9,,3,133,112,201,34,29,36.1783097577,-86.769001134,"(36.1783097577, -86.769001134)"
17-18,Charter,508,Lead Academy,8003,37208,,,,,,,,,,,,152,106,97,47,,8,191,156,,47,201,201,185,51,105,36.1478854755,-86.7639512965,"(36.1478854755, -86.7639512965)"
17-18,GATE Center,665,Robertson Academy Gifted School,90001,37220,12,42,,,,,,,,,,,,,,,2,4,1,,47,25,29,,1,,36.0818019144,-86.7763825924,"(36.0818019144, -86.7763825924)"
17-18,Elementary School,560,Dan Mills Elementary,160,37216,4,30,93,114,96,88,99,,,,,,,,,1,11,83,75,2,352,276,248,111,52,42,36.2186382608,-86.7170839527,"(36.2186382608, -86.7170839527)"
17-18,Elementary School,165,Buena Vista Elementary,70,37208,1,33,56,46,57,46,38,,,,,,,,,1,,254,13,1,8,133,144,249,51,6,36.1777411585,-86.7981380508,"(36.1777411585, -86.7981380508)"
17-18,Charter,512,KA @ The Crossings MS,8105,37013,,,,,,,,71,78,34,24,,,,,,2,80,73,,52,98,109,94,20,99,36.0450664576,-86.6515834105,"(36.0450664576, -86.6515834105)"
17-18,Elementary School,320,Glencliff Elementary,240,37211,1,41,106,100,90,107,98,,,,,,,,,,16,49,384,1,93,272,271,285,42,299,36.101625851,-86.7230998317,"(36.101625851, -86.7230998317)"
17-18,Middle School,260,Donelson Middle,175,37214,,,,,,,,214,190,184,190,,,,,3,16,364,132,1,262,389,389,374,117,133,36.1667225726,-86.656336234,"(36.1667225726, -86.656336234)"
17-18,Middle School,555,Meigs Middle,330,37206,,,,,,,,167,172,171,167,,,,,,66,173,41,,397,314,363,55,34,21,36.1763639882,-86.760880188,"(36.1763639882, -86.760880188)"
17-18,Charter,687,Smithson Craighead Academy,8001,37115,,,31,31,38,34,42,,,,,,,,,,,81,92,,3,90,86,101,21,62,36.2510250701,-86.6966199613,"(36.2510250701, -86.6966199613)"
17-18,Charter,504,KIPP Nashville Collegiate High School,8011,37207,,,,,,,,,,,,122,92,57,56,,2,222,90,,13,156,171,148,39,25,36.1947984072,-86.7691857847,"(36.1947984072, -86.7691857847)"
17-18,Elementary School,375,Alex Green Elementary,5,37189,4,36,50,52,42,59,60,,,,,,,,,1,2,249,34,,17,152,151,236,37,26,36.2529606982,-86.8322291988,"(36.2529606982, -86.8322291988)"
17-18,Elementary School,640,Pennington Elementary,565,37214,1,20,45,57,60,47,63,,,,,,,,,2,12,45,65,1,168,152,141,111,36,52,36.2033663873,-86.6814273247,"(36.2033663873, -86.6814273247)"
17-18,Elementary School,735,Una Elementary,655,37217,2,42,162,156,142,135,148,,,,,,,,,,22,268,239,,258,405,382,392,74,330,36.0950303613,-86.6528803773,"(36.0950303613, -86.6528803773)"
17-18,Middle School,551,Thurgood Marshall Middle,633,37013,,,,,,,,259,235,240,196,,,,,1,62,375,315,2,175,482,448,363,143,320,36.0223005992,-86.6612707661,"(36.0223005992, -86.6612707661)"
17-18,Elementary School,717,Tulip Grove Elementary,637,37076,12,34,87,95,92,99,114,,,,,,,,,5,22,164,135,1,206,271,262,219,95,93,36.1984960718,-86.610888928,"(36.1984960718, -86.610888928)"
17-18,Charter,592,Nashville Classical,8044,37206,,,82,74,71,72,66,,,,,,,,,1,3,256,29,,76,182,183,165,43,11,36.1799726463,-86.7460731124,"(36.1799726463, -86.7460731124)"
17-18,Elementary School,670,Rosebank Elementary,600,37206,3,37,53,48,39,44,36,,,,,,,,,1,7,172,26,,54,135,125,157,43,9,36.1839805189,-86.7177769703,"(36.1839805189, -86.7177769703)"
17-18,Middle School,805,Wright Middle,715,37211,,,,,,,,220,181,179,177,,,,,,43,137,429,,148,403,354,454,88,394,36.1001088774,-86.7341334228,"(36.1001088774, -86.7341334228)"
17-18,Elementary School,522,Ruby Major Elementary,607,37076,1,21,83,115,103,118,114,,,,,,,,,5,26,260,67,,197,299,256,222,83,69,36.1561669093,-86.5786577126,"(36.1561669093, -86.5786577126)"
17-18,Elementary School,618,Paragon Mills Elementary,540,37211,2,88,113,110,110,108,115,,,,,,,,,,77,156,292,,121,322,324,415,63,302,36.087419407,-86.7070560977,"(36.087419407, -86.7070560977)"
17-18,Middle School,470,Joelton Middle,385,37080,,,,,,,,89,89,85,94,,,,,1,,242,28,,86,195,162,258,70,16,36.3138460672,-86.8657762415,"(36.3138460672, -86.8657762415)"
17-18,Elementary School,765,Waverly-Belmont Elementary School,755,37204,13,2,103,108,103,81,80,,,,,,,,,1,16,238,30,,205,234,256,144,78,11,36.1264618728,-86.7866295627,"(36.1264618728, -86.7866295627)"
17-18,Elementary School,530,McGavock Elementary,465,37214,,21,50,54,47,41,57,,,,,,,,,2,9,77,92,,90,139,131,139,24,80,36.1605589982,-86.6810349428,"(36.1605589982, -86.6810349428)"
17-18,Elementary School,495,Tom Joy Elementary,635,37207,1,39,77,73,74,79,81,,,,,,,,,,2,258,93,1,70,222,202,321,76,61,36.2086474873,-86.7566230238,"(36.2086474873, -86.7566230238)"
17-18,High School,705,Stratford STEM Magnet School,620,37216,,,,,,,,116,94,95,91,187,169,174,180,5,21,829,77,,174,589,517,760,189,99,36.1975898577,-86.7180671344,"(36.1975898577, -86.7180671344)"
17-18,Special Education,585,Murrell School,505,37210,,,,2,8,10,11,10,11,8,4,,,,,,,57,2,,5,54,10,51,63,3,36.137548849,-86.7900214161,"(36.137548849, -86.7900214161)"
17-18,High School,550,Maplewood High,445,37216,,,,,,,,,,,,198,226,216,201,,9,608,158,,66,432,409,527,146,135,36.2327519801,-86.7503393689,"(36.2327519801, -86.7503393689)"
17-18,Middle School,285,John Early Middle,386,37208,,,,,,,,65,67,84,103,,,,,,5,273,14,,27,166,153,234,67,11,36.1871534218,-86.8047130677,"(36.1871534218, -86.8047130677)"
17-18,Special Education,397,Harris-Hillman Special Education,302,37212,104,73,51,41,40,43,27,26,22,21,15,9,9,8,106,,34,131,58,2,370,383,212,77,265,27,36.1375948541,-86.8076042098,"(36.1375948541, -86.8076042098)"
17-18,High School,440,Hillwood High,340,37205,,,,,,,,,,,,274,272,291,233,1,84,341,158,1,485,585,485,332,165,116,36.1188066874,-86.8739001973,"(36.1188066874, -86.8739001973)"
17-18,Middle School,545,Madison Middle,622,37115,,,,,,,,141,123,147,181,,,,,,7,323,171,,91,317,275,380,103,120,36.2638940195,-86.7162084879,"(36.2638940195, -86.7162084879)"
17-18,Middle School,120,Jere Baxter Middle,375,37207,,,,,,,,67,77,72,72,,,,,,2,165,80,,41,150,138,214,46,62,36.2190280292,-86.7508830358,"(36.2190280292, -86.7508830358)"
17-18,Elementary School,690,Stanford Elementary,615,37214,55,58,59,57,58,56,52,,,,,,,,,2,18,126,41,1,207,219,176,71,40,21,36.1760762784,-86.6823175115,"(36.1760762784, -86.6823175115)"
17-18,Charter,695,STEM Prep Academy,8006,37210,,,,,,,,127,127,126,124,,,,,,11,56,276,,161,249,255,256,39,334,36.1351446302,-86.7386061567,"(36.1351446302, -86.7386061567)"
17-18,Elementary School,122,Lakeview Elementary,430,37217,9,37,102,114,98,115,131,,,,,,,,,,20,195,219,,172,310,296,299,102,246,36.0788149596,-86.6300723113,"(36.0788149596, -86.6300723113)"
17-18,Charter,181,Cameron College Preparatory,8010,37210,,,,,,,,166,165,152,140,,,,,,8,184,352,,79,306,317,389,74,350,36.148592789,-86.7639990186,"(36.148592789, -86.7639990186)"
17-18,Elementary School,205,Charlotte Park Elementary,110,37209,3,43,88,89,92,60,93,,,,,,,,,,43,99,213,,113,246,222,215,72,209,36.1512452389,-86.8837135472,"(36.1512452389, -86.8837135472)"
17-18,High School,435,Hillsboro High,335,37215,,,,,,,,,1,,,312,311,294,258,1,38,596,63,1,477,574,602,323,165,33,36.1070656078,-86.8122291617,"(36.1070656078, -86.8122291617)"
17-18,Elementary School,340,Glenn Elementary,260,37207,,2,35,30,24,31,30,,,,,,,,,1,,136,6,,9,74,78,130,23,11,36.1866924205,-86.7663288011,"(36.1866924205, -86.7663288011)"
17-18,Middle School,434,H.G. Hill Middle School,295,37205,,,,,,,,178,171,156,146,,,,,2,49,190,128,,282,337,314,273,111,148,36.1163756827,-86.8667300076,"(36.1163756827, -86.8667300076)"
17-18,Middle School,275,Dupont-Tyler Middle,185,37076,,,,,,,,146,153,154,150,,,,,1,20,271,125,3,183,325,278,306,88,113,36.1996225114,-86.6125957599,"(36.1996225114, -86.6125957599)"
17-18,Elementary School,775,Westmeade Elementary,695,37205,,1,83,90,79,73,90,,,,,,,,,1,19,96,77,2,221,210,206,120,56,62,36.0919967834,-86.8941366526,"(36.0919967834, -86.8941366526)"
17-18,Elementary School,315,Gateway Elementary,235,37115,2,,40,46,62,63,56,,,,,,,,,1,6,104,104,1,53,131,138,140,30,85,36.2922088797,-86.7106601795,"(36.2922088797, -86.7106601795)"
17-18,Elementary School,405,Haywood Elementary,310,37211,1,52,137,110,131,128,116,,,,,,,,,,113,73,419,,70,365,310,407,54,438,36.074169073,-86.708069174,"(36.074169073, -86.708069174)"
17-18,High School,497,Martin Luther King Jr School,456,37203,,,,,,,,,,131,128,236,243,242,240,2,123,532,77,2,484,580,640,142,20,16,36.1616756426,-86.8004738094,"(36.1616756426, -86.8004738094)"
17-18,Elementary School,145,Norman Binkley Elementary,525,37211,4,34,102,106,114,92,102,,,,,,,,,,42,65,281,1,165,269,285,310,56,302,36.076976208,-86.7484948034,"(36.076976208, -86.7484948034)"
17-18,Charter,499,KIPP Academy Nashville Elementary,8095,37206,,,97,104,93,108,,,,,,,,,,1,5,378,6,,12,193,209,343,50,10,36.1674762595,-86.7519101749,"(36.1674762595, -86.7519101749)"
17-18,Elementary School,465,Joelton Elementary,380,37080,2,18,50,51,52,40,48,,,,,,,,,,1,36,22,,202,127,134,104,46,7,36.315679553,-86.8680398063,"(36.315679553, -86.8680398063)"
17-18,Middle School,410,Head Middle,315,37203,,,,,,,1,160,173,114,119,,,,,,42,338,33,,154,287,280,142,38,38,36.1586049933,-86.8044055117,"(36.1586049933, -86.8044055117)"
17-18,Middle School,510,Isaac Litton Middle,365,37216,,,,,,,,134,121,123,116,,,,,1,11,214,58,1,209,250,244,201,74,38,36.2282154457,-86.7221587445,"(36.2282154457, -86.7221587445)"
17-18,Alternative Learning Center,116,W.A. Bass Alternative Learning Center,126,37209,,,,,,,,,,,,12,24,22,12,,,59,7,,4,42,28,41,14,5,36.1545841136,-86.8510016583,"(36.1545841136, -86.8510016583)"
17-18,Non-Traditional,142,Nashville Big Picture High School,53,37209,,,,,,,,,,,,49,29,29,25,,1,76,15,,40,50,82,40,19,2,36.1430883067,-86.8557148572,"(36.1430883067, -86.8557148572)"
17-18,Elementary School,595,Neelys Bend Elementary,515,37115,2,,55,53,58,72,82,,,,,,,,,,1,118,141,,62,175,147,187,35,113,36.2399690605,-86.6735175002,"(36.2399690605, -86.6735175002)"
17-18,Elementary School,135,Bellshire Elementary,45,37207,13,47,61,55,65,60,82,,,,,,,,,,3,313,33,,34,187,196,253,53,34,36.2696876639,-86.7623002629,"(36.2696876639, -86.7623002629)"
17-18,Elementary School,215,Cockrill Elementary,120,37209,10,34,57,54,71,57,54,,,,,,,,,2,10,161,94,1,69,167,170,230,56,68,36.1562064576,-86.8451449272,"(36.1562064576, -86.8451449272)"
17-18,Elementary School,345,Glenview Elementary,265,37217,3,58,123,121,122,120,118,,,,,,,,,,5,123,338,1,198,370,295,409,51,409,36.1275704726,-86.7063679645,"(36.1275704726, -86.7063679645)"
17-18,Charter,669,Rocketship Partners Community Prep,8145,37208,,,18,11,18,,,,,,,,,,,,,46,,,1,26,21,44,1,,36.1749617468,-86.7992479731,"(36.1749617468, -86.7992479731)"
17-18,Elementary School,380,Julia Green Elementary,415,37215,,1,86,84,100,80,76,,,,,,,,,,24,35,9,1,358,228,199,26,42,9,36.1027239829,-86.8331193121,"(36.1027239829, -86.8331193121)"
17-18,Middle School,400,Haynes Middle,305,37207,,,,,,,,58,64,56,63,,,,,,,235,1,,5,113,128,146,43,,36.2076401818,-86.7891140421,"(36.2076401818, -86.7891140421)"
17-18,High School,452,Hunters Lane High,358,37207,,,,,,,,,,,,319,399,340,365,,16,678,493,3,233,726,697,733,170,268,36.2788275473,-86.7538434982,"(36.2788275473, -86.7538434982)"
17-18,Elementary School,395,Harpeth Valley Elementary,300,37221,6,10,151,154,140,128,165,,,,,,,,,2,56,103,55,4,534,398,356,96,91,49,36.0455259589,-86.9580499609,"(36.0455259589, -86.9580499609)"
17-18,Charter,696,STEM Prep High School,8075,37210,,,,,,,,,,,,131,121,106,,,8,58,188,,104,175,183,161,31,114,36.1354168461,-86.7386223689,"(36.1354168461, -86.7386223689)"
17-18,Special Education,448,Cora Howe School,443,37206,,,,3,,5,5,4,10,11,10,7,15,20,16,,2,59,7,,38,86,20,52,105,5,36.1889302687,-86.7345832942,"(36.1889302687, -86.7345832942)"
17-18,Elementary School,610,Old Center Elementary,535,37072,,37,68,55,71,57,67,,,,,,,,,1,6,172,109,,67,162,193,193,49,69,36.2912097239,-86.7379489567,"(36.2912097239, -86.7379489567)"
17-18,Middle School,270,Dupont-Hadley Middle,190,37138,,,,,,,,178,151,176,151,,,,,2,12,182,91,1,368,344,312,239,92,58,36.2497784913,-86.6427891084,"(36.2497784913, -86.6427891084)"
17-18,Elementary School,420,Hickman Elementary,327,37214,9,39,93,99,82,93,98,,,,,,,,,2,17,195,82,2,215,289,224,248,81,87,36.1649798716,-86.6574788374,"(36.1649798716, -86.6574788374)"
17-18,Charter,743,Valor Flagship Academy,8045,37211,,,,,,,,120,116,125,114,,,,,,24,63,85,1,302,232,243,140,40,130,36.0708005834,-86.725494633,"(36.0708005834, -86.725494633)"
17-18,Middle School,365,Gra-Mar Middle,285,37216,,,,,,,,69,73,95,85,,,,,1,6,225,48,,42,166,156,222,69,57,36.2328428043,-86.7451605246,"(36.2328428043, -86.7451605246)"
17-18,High School,532,McGavock High,470,37214,,,,,,,,,,,,609,607,623,470,8,66,879,409,3,944,1169,1140,912,311,179,36.1854431861,-86.6778493538,"(36.1854431861, -86.6778493538)"
17-18,Charter,652,Purpose Prep,8046,37228,,,68,58,58,88,75,,,,,,,,,,1,328,12,,6,167,180,169,27,5,36.1942880381,-86.7946999618,"(36.1942880381, -86.7946999618)"
17-18,Elementary School,360,Gower Elementary,280,37209,12,28,103,104,133,119,143,,,,,,,,,1,58,156,70,1,356,337,305,154,126,64,36.1153420518,-86.922286851,"(36.1153420518, -86.922286851)"
